<PAMDataset>
  <Metadata />
  <Metadata domain="Esri">
    <MDI key="PyramidResamplingType">NEAREST</MDI>
  </Metadata>
  <PAMRasterBand band="1">
    <Histograms>
      <HistItem>
        <HistMin>1.015822931549337e-006</HistMin>
        <HistMax>0.8430653214454651</HistMax>
        <BucketCount>256</BucketCount>
        <IncludeOutOfRange>1</IncludeOutOfRange>
        <Approximate>0</Approximate>
        <HistCounts>431|1489|2616|4289|4664|7422|10968|11367|17791|16484|17243|14726|10776|7269|3774|1210|702|559|527|495|365|282|267|223|239|241|226|197|171|189|189|208|193|215|272|277|284|295|267|238|240|187|195|170|166|138|156|138|131|135|96|90|88|76|62|76|64|45|47|56|52|65|51|63|67|84|66|84|75|75|76|79|103|89|77|76|57|76|64|58|63|65|62|55|62|51|58|48|60|57|53|80|68|64|47|61|61|56|53|36|37|45|54|43|45|43|30|55|42|32|36|32|46|24|32|32|28|25|28|26|15|22|16|9|14|15|20|16|19|14|10|16|9|14|6|12|1|7|8|9|11|6|6|5|6|8|3|7|6|4|6|6|5|6|2|3|3|4|2|2|4|5|1|3|4|4|2|7|2|2|0|0|0|1|2|1|2|1|0|2|1|0|1|0|0|1|2|0|0|1|1|0|2|1|2|0|1|0|0|1|1|1|0|0|0|1|0|0|2|0|0|0|0|0|0|0|0|0|0|1|0|0|0|0|0|0|1|0|0|0|0|0|0|0|1|0|0|1|0|0|0|0|0|0|0|0|0|0|0|1|0|0|0|0|0|1</HistCounts>
      </HistItem>
    </Histograms>
    <Metadata>
      <MDI key="RepresentationType">ATHEMATIC</MDI>
      <MDI key="STATISTICS_COVARIANCES">0.002494468084301719</MDI>
      <MDI key="STATISTICS_MAXIMUM">0.84306532144547</MDI>
      <MDI key="STATISTICS_MEAN">0.041934892437006</MDI>
      <MDI key="STATISTICS_MINIMUM">1.0158229315493e-006</MDI>
      <MDI key="STATISTICS_SKIPFACTORX">1</MDI>
      <MDI key="STATISTICS_SKIPFACTORY">1</MDI>
      <MDI key="STATISTICS_STDDEV">0.049944650207021</MDI>
    </Metadata>
  </PAMRasterBand>
</PAMDataset>
