<PAMDataset>
  <Metadata />
  <Metadata domain="Esri">
    <MDI key="PyramidResamplingType">NEAREST</MDI>
  </Metadata>
  <PAMRasterBand band="1">
    <Histograms>
      <HistItem>
        <HistMin>8.320067763634143e-007</HistMin>
        <HistMax>0.7486633062362671</HistMax>
        <BucketCount>256</BucketCount>
        <IncludeOutOfRange>1</IncludeOutOfRange>
        <Approximate>0</Approximate>
        <HistCounts>2113|4644|13950|16767|26933|15285|8980|6094|3546|3091|2136|1545|1259|994|865|683|569|523|447|459|414|398|400|405|404|349|311|344|317|290|251|279|231|264|250|210|200|177|183|179|157|174|159|158|168|133|197|187|176|181|179|207|166|163|154|149|135|118|108|103|88|71|78|53|67|65|37|57|44|46|34|43|38|44|55|55|48|52|62|53|66|61|49|49|61|70|59|61|61|54|62|67|50|53|56|56|52|46|55|45|33|48|44|38|39|30|33|39|34|29|34|41|32|25|29|20|27|18|16|23|19|10|14|13|14|17|9|10|9|8|15|11|6|7|12|7|10|8|3|4|9|6|1|6|5|4|8|1|11|8|5|4|7|6|1|4|5|7|4|3|5|3|5|1|1|2|2|1|5|1|4|4|2|2|0|1|3|3|2|4|1|1|1|0|0|4|2|1|0|0|0|0|1|1|1|1|0|2|1|4|0|0|1|0|1|1|0|0|0|0|0|0|0|0|0|0|1|0|0|0|0|1|0|0|0|1|0|0|2|1|0|0|0|0|0|0|0|0|0|0|1|0|0|0|0|0|0|0|0|0|0|0|0|0|0|1</HistCounts>
      </HistItem>
    </Histograms>
    <Metadata>
      <MDI key="RepresentationType">ATHEMATIC</MDI>
      <MDI key="STATISTICS_COVARIANCES">0.002478042996965429</MDI>
      <MDI key="STATISTICS_MAXIMUM">0.74866330623627</MDI>
      <MDI key="STATISTICS_MEAN">0.029200883617726</MDI>
      <MDI key="STATISTICS_MINIMUM">8.3200677636341e-007</MDI>
      <MDI key="STATISTICS_SKIPFACTORX">1</MDI>
      <MDI key="STATISTICS_SKIPFACTORY">1</MDI>
      <MDI key="STATISTICS_STDDEV">0.049779945730841</MDI>
    </Metadata>
  </PAMRasterBand>
</PAMDataset>
