<PAMDataset>
  <Metadata />
  <Metadata domain="Esri">
    <MDI key="PyramidResamplingType">NEAREST</MDI>
  </Metadata>
  <PAMRasterBand band="1">
    <Histograms>
      <HistItem>
        <HistMin>8.558381523471326e-007</HistMin>
        <HistMax>0.7461493015289307</HistMax>
        <BucketCount>256</BucketCount>
        <IncludeOutOfRange>1</IncludeOutOfRange>
        <Approximate>0</Approximate>
        <HistCounts>527|1875|1638|3238|4681|7238|9535|8285|7502|7982|10709|13086|14753|13832|11121|7185|3586|2282|1375|974|775|690|659|724|756|718|674|683|632|606|515|442|421|369|319|290|286|260|266|210|178|192|154|183|171|180|151|144|145|152|148|157|139|133|106|99|129|109|114|100|106|92|118|87|91|83|70|71|66|69|64|70|64|54|70|72|66|61|52|62|57|51|41|59|64|52|68|52|46|51|50|50|40|60|46|43|28|31|41|32|28|26|25|36|28|21|20|16|19|18|22|19|18|21|24|10|9|15|16|11|15|10|15|10|5|8|10|7|8|8|4|4|11|12|7|2|5|10|3|5|6|4|8|8|4|6|1|2|5|3|5|6|2|6|8|1|1|0|2|5|1|3|1|3|3|4|1|5|1|2|2|3|0|1|4|2|1|3|1|2|0|2|3|0|2|2|0|0|1|0|0|1|2|1|0|1|1|0|1|1|0|0|1|0|1|1|1|0|0|1|0|0|1|0|0|0|0|1|0|0|0|1|0|0|1|0|0|0|0|0|1|0|0|0|0|0|0|0|0|0|1|0|0|0|0|0|0|0|0|0|0|0|0|0|0|1</HistCounts>
      </HistItem>
    </Histograms>
    <Metadata>
      <MDI key="RepresentationType">ATHEMATIC</MDI>
      <MDI key="STATISTICS_COVARIANCES">0.001667076988551336</MDI>
      <MDI key="STATISTICS_MAXIMUM">0.74614930152893</MDI>
      <MDI key="STATISTICS_MEAN">0.041586682498924</MDI>
      <MDI key="STATISTICS_MINIMUM">8.5583815234713e-007</MDI>
      <MDI key="STATISTICS_SKIPFACTORX">1</MDI>
      <MDI key="STATISTICS_SKIPFACTORY">1</MDI>
      <MDI key="STATISTICS_STDDEV">0.040829854133359</MDI>
    </Metadata>
  </PAMRasterBand>
</PAMDataset>
