<PAMDataset>
  <Metadata />
  <Metadata domain="Esri">
    <MDI key="PyramidResamplingType">NEAREST</MDI>
  </Metadata>
  <PAMRasterBand band="1">
    <Histograms>
      <HistItem>
        <HistMin>0</HistMin>
        <HistMax>0.4026186466217041</HistMax>
        <BucketCount>256</BucketCount>
        <IncludeOutOfRange>1</IncludeOutOfRange>
        <Approximate>0</Approximate>
        <HistCounts>2115|833|416|320|303|341|302|182|161|217|320|414|485|599|688|977|1086|1071|973|758|955|1139|649|208|112|82|66|63|44|48|32|40|34|33|33|22|19|34|18|22|28|25|37|23|17|14|21|14|17|21|24|23|18|14|13|8|12|19|16|14|23|18|13|12|14|12|12|9|11|18|9|13|9|12|9|5|9|10|9|11|10|6|5|3|5|9|8|6|9|5|5|8|3|10|8|10|4|6|7|10|9|6|4|1|10|2|3|3|8|6|2|8|6|7|4|4|8|2|3|6|7|4|13|2|7|4|4|3|5|2|4|6|3|7|2|3|2|0|2|5|1|3|5|1|1|5|9|2|3|3|1|3|4|1|2|1|1|4|4|1|2|3|4|1|4|4|2|1|1|2|3|2|2|1|6|0|2|5|2|2|3|2|2|2|0|2|2|0|3|0|1|2|0|1|2|0|1|2|0|1|1|1|0|1|0|1|0|0|0|1|1|0|0|1|1|0|0|0|0|0|2|0|1|1|0|1|0|0|0|0|0|0|0|0|0|0|0|0|0|0|0|0|0|0|0|0|0|1|0|0|0|0|0|0|0|1</HistCounts>
      </HistItem>
    </Histograms>
    <Metadata>
      <MDI key="RepresentationType">ATHEMATIC</MDI>
      <MDI key="STATISTICS_COVARIANCES">0.001230119452430923</MDI>
      <MDI key="STATISTICS_MAXIMUM">0.4026186466217</MDI>
      <MDI key="STATISTICS_MEAN">0.028232738673266</MDI>
      <MDI key="STATISTICS_MINIMUM">0</MDI>
      <MDI key="STATISTICS_SKIPFACTORX">1</MDI>
      <MDI key="STATISTICS_SKIPFACTORY">1</MDI>
      <MDI key="STATISTICS_STDDEV">0.035073058783501</MDI>
    </Metadata>
  </PAMRasterBand>
</PAMDataset>
