<PAMDataset>
  <Metadata />
  <Metadata domain="Esri">
    <MDI key="PyramidResamplingType">NEAREST</MDI>
  </Metadata>
  <PAMRasterBand band="1">
    <Histograms>
      <HistItem>
        <HistMin>0</HistMin>
        <HistMax>0.7838690280914307</HistMax>
        <BucketCount>256</BucketCount>
        <IncludeOutOfRange>1</IncludeOutOfRange>
        <Approximate>0</Approximate>
        <HistCounts>68252|2212|3915|6104|11695|10320|10422|18579|24070|18656|13767|5433|2180|1341|1001|783|648|596|572|521|518|567|526|421|368|386|418|403|452|479|469|445|443|396|347|346|260|295|270|208|272|216|165|146|162|156|144|147|143|132|130|119|103|92|103|115|105|120|105|88|103|90|104|98|86|102|102|96|70|81|65|69|66|59|59|72|58|51|43|49|54|63|52|48|59|60|62|43|58|67|64|55|45|49|52|52|49|53|51|43|38|43|41|34|41|30|35|33|29|40|26|24|27|30|27|29|22|21|24|25|12|19|16|14|9|11|6|10|4|11|14|7|8|10|8|11|8|6|5|7|9|4|5|3|8|5|6|7|1|6|5|9|2|0|7|2|2|5|4|2|2|5|5|4|2|2|1|1|3|4|1|2|2|0|4|1|3|2|1|0|2|0|0|2|1|1|0|1|2|1|0|0|1|0|2|2|0|1|0|2|0|0|0|2|1|0|0|0|0|0|1|0|0|0|0|1|0|0|0|0|1|0|0|0|1|0|1|0|0|0|0|0|0|0|0|1|0|0|0|0|1|0|0|0|0|0|0|0|0|0|0|0|0|0|0|1</HistCounts>
      </HistItem>
    </Histograms>
    <Metadata>
      <MDI key="RepresentationType">ATHEMATIC</MDI>
      <MDI key="STATISTICS_COVARIANCES">0.001757001000183823</MDI>
      <MDI key="STATISTICS_MAXIMUM">0.78386902809143</MDI>
      <MDI key="STATISTICS_MEAN">0.02485148126924</MDI>
      <MDI key="STATISTICS_MINIMUM">0</MDI>
      <MDI key="STATISTICS_SKIPFACTORX">1</MDI>
      <MDI key="STATISTICS_SKIPFACTORY">1</MDI>
      <MDI key="STATISTICS_STDDEV">0.041916595760913</MDI>
    </Metadata>
  </PAMRasterBand>
</PAMDataset>
