<PAMDataset>
  <Metadata />
  <Metadata domain="Esri">
    <MDI key="PyramidResamplingType">NEAREST</MDI>
  </Metadata>
  <PAMRasterBand band="1">
    <Histograms>
      <HistItem>
        <HistMin>0</HistMin>
        <HistMax>0.07825914770364761</HistMax>
        <BucketCount>256</BucketCount>
        <IncludeOutOfRange>1</IncludeOutOfRange>
        <Approximate>0</Approximate>
        <HistCounts>390|13|10|7|7|9|11|12|12|20|40|29|35|26|49|42|35|23|24|28|27|28|28|33|31|25|29|23|44|43|41|33|31|34|32|40|34|34|39|36|44|30|47|28|41|27|39|49|49|39|50|43|36|60|55|59|51|53|52|57|59|61|55|56|51|55|76|58|53|69|87|85|73|72|84|83|103|108|110|150|142|153|161|164|163|161|148|155|174|128|128|112|101|129|111|136|149|140|120|134|120|131|104|146|107|95|84|100|85|115|80|99|76|65|62|56|67|35|52|42|46|35|29|26|42|36|42|33|38|40|32|29|18|26|18|22|29|22|22|13|13|20|17|14|12|13|21|12|10|4|10|18|12|12|8|20|12|9|16|12|8|9|6|11|6|3|7|6|6|8|8|5|4|7|7|3|2|6|2|2|4|4|5|6|4|1|2|4|3|1|3|4|2|5|1|4|6|1|4|0|0|0|3|3|4|1|3|0|2|1|1|0|0|2|1|1|1|2|1|1|0|0|0|0|1|0|0|2|1|0|0|0|0|0|1|0|1|0|0|1|0|0|0|0|0|0|0|0|0|0|0|0|0|0|0|1</HistCounts>
      </HistItem>
    </Histograms>
    <Metadata>
      <MDI key="RepresentationType">ATHEMATIC</MDI>
      <MDI key="STATISTICS_COVARIANCES">0.0001369317693919538</MDI>
      <MDI key="STATISTICS_MAXIMUM">0.078259147703648</MDI>
      <MDI key="STATISTICS_MEAN">0.024942856884819</MDI>
      <MDI key="STATISTICS_MINIMUM">0</MDI>
      <MDI key="STATISTICS_SKIPFACTORX">1</MDI>
      <MDI key="STATISTICS_SKIPFACTORY">1</MDI>
      <MDI key="STATISTICS_STDDEV">0.011701784880605</MDI>
    </Metadata>
  </PAMRasterBand>
</PAMDataset>
