<PAMDataset>
  <Metadata />
  <Metadata domain="Esri">
    <MDI key="PyramidResamplingType">NEAREST</MDI>
  </Metadata>
  <PAMRasterBand band="1">
    <Histograms>
      <HistItem>
        <HistMin>0</HistMin>
        <HistMax>0.1392147839069367</HistMax>
        <BucketCount>256</BucketCount>
        <IncludeOutOfRange>1</IncludeOutOfRange>
        <Approximate>0</Approximate>
        <HistCounts>651|2|15|17|34|151|233|57|48|32|45|42|66|82|152|170|191|200|280|235|282|293|303|327|293|291|307|282|246|236|265|282|247|250|232|244|263|323|360|368|451|528|589|531|490|414|437|436|513|592|685|794|637|582|493|389|380|383|399|388|291|204|181|135|77|85|80|64|52|43|45|30|31|17|22|16|14|18|26|18|25|24|16|10|11|8|9|14|8|15|10|9|7|11|6|9|11|8|9|7|3|6|9|3|4|2|10|5|4|9|5|5|6|3|7|3|9|4|8|7|7|5|6|9|7|4|4|3|8|7|6|7|8|11|11|4|5|6|8|7|4|10|6|8|6|5|4|3|5|5|4|9|2|6|3|6|2|5|2|1|3|2|1|1|5|0|3|2|2|2|3|1|0|1|1|2|1|2|1|4|1|4|1|2|0|1|1|1|2|0|2|2|0|0|5|0|1|0|0|1|4|0|1|0|1|1|1|0|0|0|0|0|0|0|0|0|1|0|0|0|0|0|0|0|0|0|0|0|0|1|1|0|0|0|0|0|0|0|0|0|0|0|0|0|0|0|0|0|0|0|0|1|0|0|0|1</HistCounts>
      </HistItem>
    </Histograms>
    <Metadata>
      <MDI key="RepresentationType">ATHEMATIC</MDI>
      <MDI key="STATISTICS_COVARIANCES">0.0001484412335605573</MDI>
      <MDI key="STATISTICS_MAXIMUM">0.13921478390694</MDI>
      <MDI key="STATISTICS_MEAN">0.023154494133456</MDI>
      <MDI key="STATISTICS_MINIMUM">0</MDI>
      <MDI key="STATISTICS_SKIPFACTORX">1</MDI>
      <MDI key="STATISTICS_SKIPFACTORY">1</MDI>
      <MDI key="STATISTICS_STDDEV">0.01218364615214</MDI>
    </Metadata>
  </PAMRasterBand>
</PAMDataset>
