<PAMDataset>
  <Metadata />
  <Metadata domain="Esri">
    <MDI key="PyramidResamplingType">NEAREST</MDI>
  </Metadata>
  <PAMRasterBand band="1">
    <Histograms>
      <HistItem>
        <HistMin>0</HistMin>
        <HistMax>0.2042996138334274</HistMax>
        <BucketCount>256</BucketCount>
        <IncludeOutOfRange>1</IncludeOutOfRange>
        <Approximate>0</Approximate>
        <HistCounts>390|0|0|1|0|2|3|3|4|3|3|6|3|6|11|8|14|23|20|23|31|20|26|32|55|65|117|193|224|188|220|236|321|571|655|656|691|1004|977|910|855|728|450|278|283|253|192|182|119|109|109|124|86|66|84|73|66|68|48|62|54|41|42|32|37|29|38|27|38|33|27|42|31|35|37|36|32|34|25|32|25|21|20|41|36|33|23|22|17|20|16|17|14|14|16|15|16|14|9|16|14|14|21|18|16|23|25|21|30|32|25|23|26|38|30|34|34|36|40|41|30|38|33|33|38|31|37|32|28|23|25|23|17|14|18|15|14|13|5|7|4|6|1|4|4|4|3|1|2|2|2|0|2|0|1|0|1|1|3|1|0|1|0|1|1|0|0|1|0|0|1|0|0|0|1|0|0|0|1|0|2|0|0|0|0|0|1|0|0|0|0|0|0|0|0|0|0|0|0|0|0|0|0|0|0|0|0|0|0|0|0|0|0|0|0|0|0|0|0|0|0|0|0|0|0|0|0|0|0|0|0|0|0|0|0|0|0|0|0|0|0|0|0|0|0|0|0|0|0|0|0|0|0|0|0|1</HistCounts>
      </HistItem>
    </Histograms>
    <Metadata>
      <MDI key="RepresentationType">ATHEMATIC</MDI>
      <MDI key="STATISTICS_COVARIANCES">0.0004249473101587455</MDI>
      <MDI key="STATISTICS_MAXIMUM">0.20429961383343</MDI>
      <MDI key="STATISTICS_MEAN">0.037382560962547</MDI>
      <MDI key="STATISTICS_MINIMUM">0</MDI>
      <MDI key="STATISTICS_SKIPFACTORX">1</MDI>
      <MDI key="STATISTICS_SKIPFACTORY">1</MDI>
      <MDI key="STATISTICS_STDDEV">0.02061425017212</MDI>
    </Metadata>
  </PAMRasterBand>
</PAMDataset>
