<PAMDataset>
  <Metadata />
  <Metadata domain="Esri">
    <MDI key="PyramidResamplingType">NEAREST</MDI>
  </Metadata>
  <PAMRasterBand band="1">
    <Histograms>
      <HistItem>
        <HistMin>0</HistMin>
        <HistMax>0.1348632127046585</HistMax>
        <BucketCount>256</BucketCount>
        <IncludeOutOfRange>1</IncludeOutOfRange>
        <Approximate>0</Approximate>
        <HistCounts>22|0|24|4|49|18|7|10|8|4|5|6|8|11|13|13|11|28|33|33|29|25|24|22|39|46|44|37|45|34|72|67|61|62|64|80|74|83|103|103|96|104|113|112|132|125|144|154|168|164|151|146|156|135|97|97|79|95|135|145|181|153|154|99|84|54|40|40|28|38|21|21|26|21|15|8|12|6|20|20|13|10|12|17|16|18|8|10|7|10|6|22|13|18|20|12|9|10|10|9|11|7|15|16|11|14|7|10|9|13|7|10|14|2|4|6|7|7|9|9|12|6|5|10|8|8|6|11|6|4|2|5|2|0|2|2|3|2|1|2|0|1|2|1|0|0|1|3|0|0|0|3|0|1|2|0|1|0|2|2|1|1|3|1|0|1|3|5|4|4|2|2|3|3|2|2|2|2|0|2|1|2|2|3|1|2|2|4|6|2|6|4|7|2|7|3|3|2|5|3|2|3|1|3|0|5|5|3|4|0|2|3|4|3|6|1|6|3|10|3|4|3|8|2|5|3|5|2|1|1|2|0|5|3|2|0|1|4|5|2|4|0|2|3|2|3|0|4|0|1|1|1|1|0|0|1</HistCounts>
      </HistItem>
    </Histograms>
    <Metadata>
      <MDI key="RepresentationType">ATHEMATIC</MDI>
      <MDI key="STATISTICS_COVARIANCES">0.0004311301513390816</MDI>
      <MDI key="STATISTICS_MAXIMUM">0.13486321270466</MDI>
      <MDI key="STATISTICS_MEAN">0.031423945200319</MDI>
      <MDI key="STATISTICS_MINIMUM">0</MDI>
      <MDI key="STATISTICS_SKIPFACTORX">1</MDI>
      <MDI key="STATISTICS_SKIPFACTORY">1</MDI>
      <MDI key="STATISTICS_STDDEV">0.020763673840125</MDI>
    </Metadata>
  </PAMRasterBand>
</PAMDataset>
