<PAMDataset>
  <Metadata />
  <Metadata domain="Esri">
    <MDI key="PyramidResamplingType">NEAREST</MDI>
  </Metadata>
  <PAMRasterBand band="1">
    <Histograms>
      <HistItem>
        <HistMin>0</HistMin>
        <HistMax>0.7655818462371826</HistMax>
        <BucketCount>256</BucketCount>
        <IncludeOutOfRange>1</IncludeOutOfRange>
        <Approximate>0</Approximate>
        <HistCounts>87712|1307|899|522|442|350|201|183|199|278|280|293|287|300|193|169|224|226|212|188|178|198|184|229|243|245|298|301|310|367|398|396|334|304|302|311|257|242|243|249|301|286|256|247|236|211|203|178|185|208|207|185|184|188|174|164|176|157|146|161|176|146|160|138|143|109|123|126|112|89|80|68|57|67|63|56|65|60|43|29|39|24|32|22|25|20|13|12|17|18|13|20|21|15|9|12|12|17|16|17|12|22|7|13|13|13|7|12|10|11|8|7|10|13|10|13|11|11|13|11|13|5|11|9|1|5|2|6|5|5|5|7|6|6|7|3|3|1|5|2|3|3|3|6|0|3|3|1|3|3|6|0|3|4|5|1|4|1|3|2|3|1|2|3|0|3|0|0|3|4|5|2|0|0|1|2|1|2|1|2|0|1|1|0|0|2|0|0|0|1|0|1|1|1|0|0|1|0|0|0|1|0|1|0|0|1|1|0|1|0|0|0|0|0|0|0|1|0|0|0|0|0|0|1|0|0|0|0|0|0|0|0|0|0|0|0|0|0|0|0|1|0|0|0|0|0|0|0|0|0|0|0|0|0|0|1</HistCounts>
      </HistItem>
    </Histograms>
    <Metadata>
      <MDI key="RepresentationType">ATHEMATIC</MDI>
      <MDI key="STATISTICS_COVARIANCES">0.002633833151208328</MDI>
      <MDI key="STATISTICS_MAXIMUM">0.76558184623718</MDI>
      <MDI key="STATISTICS_MEAN">0.018007859732774</MDI>
      <MDI key="STATISTICS_MINIMUM">0</MDI>
      <MDI key="STATISTICS_SKIPFACTORX">1</MDI>
      <MDI key="STATISTICS_SKIPFACTORY">1</MDI>
      <MDI key="STATISTICS_STDDEV">0.051320884162379</MDI>
    </Metadata>
  </PAMRasterBand>
</PAMDataset>
