<PAMDataset>
  <Metadata />
  <Metadata domain="Esri">
    <MDI key="PyramidResamplingType">NEAREST</MDI>
  </Metadata>
  <PAMRasterBand band="1">
    <Histograms>
      <HistItem>
        <HistMin>-0.5</HistMin>
        <HistMax>22.5</HistMax>
        <BucketCount>23</BucketCount>
        <IncludeOutOfRange>1</IncludeOutOfRange>
        <Approximate>0</Approximate>
        <HistCounts>0|672|827|1469|1346|881|772|544|1291|1529|3906|6887|9354|4284|1615|1130|721|384|188|126|83|47|4</HistCounts>
      </HistItem>
    </Histograms>
    <Metadata>
      <MDI key="RepresentationType">THEMATIC</MDI>
      <MDI key="STATISTICS_COVARIANCES">12.72709218161249</MDI>
      <MDI key="STATISTICS_MAXIMUM">22</MDI>
      <MDI key="STATISTICS_MEAN">10.455727798213</MDI>
      <MDI key="STATISTICS_MINIMUM">1</MDI>
      <MDI key="STATISTICS_SKIPFACTORX">1</MDI>
      <MDI key="STATISTICS_SKIPFACTORY">1</MDI>
      <MDI key="STATISTICS_STDDEV">3.5675050359618</MDI>
    </Metadata>
  </PAMRasterBand>
</PAMDataset>
