<PAMDataset>
  <Metadata />
  <Metadata domain="Esri">
    <MDI key="PyramidResamplingType">NEAREST</MDI>
  </Metadata>
  <PAMRasterBand band="1">
    <Histograms>
      <HistItem>
        <HistMin>0</HistMin>
        <HistMax>0.8020675182342529</HistMax>
        <BucketCount>256</BucketCount>
        <IncludeOutOfRange>1</IncludeOutOfRange>
        <Approximate>0</Approximate>
        <HistCounts>35902|27160|36192|14304|4620|1540|706|420|358|400|410|457|405|349|451|416|362|378|399|507|490|453|442|435|469|427|370|309|269|200|152|171|153|184|182|185|184|206|208|193|194|195|190|194|227|247|254|217|208|220|196|248|218|175|198|221|190|197|157|165|161|152|144|131|165|155|148|130|135|124|101|114|109|101|84|83|71|107|60|84|85|82|74|81|80|84|82|84|75|73|75|69|74|63|79|66|64|65|54|66|60|55|53|43|33|43|36|39|36|39|39|34|36|33|25|38|30|26|20|24|29|10|20|25|26|21|11|12|15|15|13|11|11|10|12|16|11|9|12|8|4|5|9|7|7|5|9|11|4|7|1|7|6|10|3|2|8|8|2|2|6|5|3|4|1|1|2|3|3|6|3|4|2|1|2|2|1|3|2|1|0|3|0|0|1|1|1|0|0|0|1|2|0|1|0|1|0|2|1|1|2|0|1|1|0|0|1|0|0|0|0|0|0|0|1|0|0|0|1|0|0|0|0|0|0|0|0|0|0|2|0|0|0|0|0|0|0|0|0|0|1|0|0|0|0|0|0|0|0|0|0|0|0|0|0|1</HistCounts>
      </HistItem>
    </Histograms>
    <Metadata>
      <MDI key="RepresentationType">ATHEMATIC</MDI>
      <MDI key="STATISTICS_COVARIANCES">0.003511057489025535</MDI>
      <MDI key="STATISTICS_MAXIMUM">0.80206751823425</MDI>
      <MDI key="STATISTICS_MEAN">0.024670321457056</MDI>
      <MDI key="STATISTICS_MINIMUM">0</MDI>
      <MDI key="STATISTICS_SKIPFACTORX">1</MDI>
      <MDI key="STATISTICS_SKIPFACTORY">1</MDI>
      <MDI key="STATISTICS_STDDEV">0.059254176975345</MDI>
    </Metadata>
  </PAMRasterBand>
</PAMDataset>
