<PAMDataset>
  <Metadata />
  <Metadata domain="Esri">
    <MDI key="PyramidResamplingType">NEAREST</MDI>
  </Metadata>
  <PAMRasterBand band="1">
    <Histograms>
      <HistItem>
        <HistMin>-0.5</HistMin>
        <HistMax>37.5</HistMax>
        <BucketCount>38</BucketCount>
        <IncludeOutOfRange>1</IncludeOutOfRange>
        <Approximate>0</Approximate>
        <HistCounts>0|6032|11590|1580|840|516|354|485|533|471|384|167|150|177|228|209|261|148|100|75|114|71|68|75|59|43|44|14|4|0|4|5|2|4|3|3|0|1</HistCounts>
      </HistItem>
    </Histograms>
    <Metadata>
      <MDI key="RepresentationType">THEMATIC</MDI>
      <MDI key="STATISTICS_COVARIANCES">20.553918618756</MDI>
      <MDI key="STATISTICS_MAXIMUM">37</MDI>
      <MDI key="STATISTICS_MEAN">3.6982348674136</MDI>
      <MDI key="STATISTICS_MINIMUM">1</MDI>
      <MDI key="STATISTICS_SKIPFACTORX">1</MDI>
      <MDI key="STATISTICS_SKIPFACTORY">1</MDI>
      <MDI key="STATISTICS_STDDEV">4.5336429743371</MDI>
    </Metadata>
  </PAMRasterBand>
</PAMDataset>
