<PAMDataset>
  <Metadata />
  <Metadata domain="Esri">
    <MDI key="PyramidResamplingType">NEAREST</MDI>
  </Metadata>
  <PAMRasterBand band="1">
    <Histograms>
      <HistItem>
        <HistMin>-0.5</HistMin>
        <HistMax>18.5</HistMax>
        <BucketCount>19</BucketCount>
        <IncludeOutOfRange>1</IncludeOutOfRange>
        <Approximate>0</Approximate>
        <HistCounts>0|4818|4501|2476|1584|1732|3101|3351|3397|3337|2083|579|203|138|143|157|93|18|1</HistCounts>
      </HistItem>
    </Histograms>
    <Metadata>
      <MDI key="RepresentationType">THEMATIC</MDI>
      <MDI key="STATISTICS_COVARIANCES">11.22230594332945</MDI>
      <MDI key="STATISTICS_MAXIMUM">18</MDI>
      <MDI key="STATISTICS_MEAN">5.4589429868819</MDI>
      <MDI key="STATISTICS_MINIMUM">1</MDI>
      <MDI key="STATISTICS_SKIPFACTORX">1</MDI>
      <MDI key="STATISTICS_SKIPFACTORY">1</MDI>
      <MDI key="STATISTICS_STDDEV">3.3499710361926</MDI>
    </Metadata>
  </PAMRasterBand>
</PAMDataset>
