<PAMDataset>
  <Metadata />
  <Metadata domain="Esri">
    <MDI key="PyramidResamplingType">NEAREST</MDI>
  </Metadata>
  <PAMRasterBand band="1">
    <Histograms>
      <HistItem>
        <HistMin>0</HistMin>
        <HistMax>0.7206764817237854</HistMax>
        <BucketCount>256</BucketCount>
        <IncludeOutOfRange>1</IncludeOutOfRange>
        <Approximate>0</Approximate>
        <HistCounts>113647|2282|1922|1052|921|751|476|549|597|617|616|609|555|467|338|387|363|385|364|388|377|358|353|361|321|330|235|185|195|166|188|182|141|145|123|120|119|102|91|74|77|76|65|57|59|62|75|57|48|42|33|38|49|50|36|63|45|48|37|43|41|44|42|44|57|55|40|49|58|55|64|45|50|59|60|64|62|58|43|50|61|50|57|70|66|56|75|57|52|60|45|47|48|52|45|61|62|60|41|39|60|52|53|58|60|59|43|53|52|41|52|49|39|38|38|43|40|45|42|23|27|34|29|24|30|29|21|23|19|22|23|12|14|13|11|11|10|9|14|17|10|12|11|7|5|12|12|7|6|4|6|5|6|2|5|7|8|8|2|3|8|5|7|11|4|6|6|4|2|2|0|4|2|3|3|1|0|2|1|0|0|1|1|2|0|1|1|2|0|0|0|2|0|3|2|1|1|1|0|1|0|0|1|0|1|0|1|0|0|3|0|0|0|0|0|1|0|0|0|0|0|0|0|0|0|0|0|0|0|0|0|1|0|0|0|0|0|0|0|0|0|0|0|1|0|1|0|0|0|1|0|0|0|0|0|1</HistCounts>
      </HistItem>
    </Histograms>
    <Metadata>
      <MDI key="RepresentationType">ATHEMATIC</MDI>
      <MDI key="STATISTICS_COVARIANCES">0.002468723365503979</MDI>
      <MDI key="STATISTICS_MAXIMUM">0.72067648172379</MDI>
      <MDI key="STATISTICS_MEAN">0.013119565495204</MDI>
      <MDI key="STATISTICS_MINIMUM">0</MDI>
      <MDI key="STATISTICS_SKIPFACTORX">1</MDI>
      <MDI key="STATISTICS_SKIPFACTORY">1</MDI>
      <MDI key="STATISTICS_STDDEV">0.04968624925977</MDI>
    </Metadata>
  </PAMRasterBand>
</PAMDataset>
