<PAMDataset>
  <Metadata />
  <Metadata domain="Esri">
    <MDI key="PyramidResamplingType">CUBIC</MDI>
  </Metadata>
  <PAMRasterBand band="1">
    <Histograms>
      <HistItem>
        <HistMin>-0.5</HistMin>
        <HistMax>41.5</HistMax>
        <BucketCount>42</BucketCount>
        <IncludeOutOfRange>1</IncludeOutOfRange>
        <Approximate>0</Approximate>
        <HistCounts>0|4577|1560|808|539|474|287|343|222|301|405|484|161|169|294|135|129|228|44|27|18|82|103|52|107|166|138|83|69|86|79|31|65|40|69|15|19|14|8|16|6|2</HistCounts>
      </HistItem>
    </Histograms>
    <Metadata>
      <MDI key="RepresentationType">THEMATIC</MDI>
      <MDI key="STATISTICS_COVARIANCES">68.88743894271184</MDI>
      <MDI key="STATISTICS_MAXIMUM">41</MDI>
      <MDI key="STATISTICS_MEAN">6.8016860698515</MDI>
      <MDI key="STATISTICS_MINIMUM">1</MDI>
      <MDI key="STATISTICS_SKIPFACTORX">1</MDI>
      <MDI key="STATISTICS_SKIPFACTORY">1</MDI>
      <MDI key="STATISTICS_STDDEV">8.2998457180066</MDI>
    </Metadata>
  </PAMRasterBand>
</PAMDataset>
