<PAMDataset>
  <Metadata />
  <Metadata domain="Esri">
    <MDI key="PyramidResamplingType">NEAREST</MDI>
  </Metadata>
  <PAMRasterBand band="1">
    <Histograms>
      <HistItem>
        <HistMin>-0.5</HistMin>
        <HistMax>168.5</HistMax>
        <BucketCount>169</BucketCount>
        <IncludeOutOfRange>1</IncludeOutOfRange>
        <Approximate>0</Approximate>
        <HistCounts>0|184|289|301|406|152|250|195|126|128|243|123|121|108|69|51|38|85|52|41|40|66|50|45|72|58|34|47|76|51|35|12|27|18|42|26|81|62|62|30|47|56|29|29|37|35|34|27|7|30|22|32|5|42|23|24|35|134|39|15|51|18|5|8|4|2|3|6|8|6|6|52|24|19|7|7|3|8|10|8|10|7|5|4|3|2|8|5|3|0|3|3|18|6|4|1|7|15|32|8|7|3|2|1|1|1|1|0|0|1|1|0|0|1|2|0|1|0|1|2|0|2|0|6|4|2|4|4|29|33|22|36|36|13|29|7|0|3|3|2|12|7|8|14|29|57|24|38|25|27|41|57|48|25|22|4|5|4|3|2|2|5|1|1|0|1|2|0|1</HistCounts>
      </HistItem>
    </Histograms>
    <Metadata>
      <MDI key="RepresentationType">THEMATIC</MDI>
      <MDI key="STATISTICS_COVARIANCES">2036.637301446055</MDI>
      <MDI key="STATISTICS_MAXIMUM">168</MDI>
      <MDI key="STATISTICS_MEAN">37.869800768962</MDI>
      <MDI key="STATISTICS_MINIMUM">1</MDI>
      <MDI key="STATISTICS_SKIPFACTORX">1</MDI>
      <MDI key="STATISTICS_SKIPFACTORY">1</MDI>
      <MDI key="STATISTICS_STDDEV">45.129118110662</MDI>
    </Metadata>
  </PAMRasterBand>
</PAMDataset>
