<PAMDataset>
  <Metadata />
  <Metadata domain="Esri">
    <MDI key="PyramidResamplingType">NEAREST</MDI>
  </Metadata>
  <PAMRasterBand band="1">
    <Histograms>
      <HistItem>
        <HistMin>-0.5</HistMin>
        <HistMax>18.5</HistMax>
        <BucketCount>19</BucketCount>
        <IncludeOutOfRange>1</IncludeOutOfRange>
        <Approximate>0</Approximate>
        <HistCounts>0|12627|6078|2980|2146|1614|939|575|419|314|274|166|118|95|35|18|3|2|5</HistCounts>
      </HistItem>
    </Histograms>
    <Metadata>
      <MDI key="RepresentationType">THEMATIC</MDI>
      <MDI key="STATISTICS_COVARIANCES">5.365740910645919</MDI>
      <MDI key="STATISTICS_MAXIMUM">18</MDI>
      <MDI key="STATISTICS_MEAN">2.6176781188398</MDI>
      <MDI key="STATISTICS_MINIMUM">1</MDI>
      <MDI key="STATISTICS_SKIPFACTORX">1</MDI>
      <MDI key="STATISTICS_SKIPFACTORY">1</MDI>
      <MDI key="STATISTICS_STDDEV">2.3164068966064</MDI>
    </Metadata>
  </PAMRasterBand>
</PAMDataset>
