<PAMDataset>
  <Metadata />
  <Metadata domain="Esri">
    <MDI key="PyramidResamplingType">CUBIC</MDI>
  </Metadata>
  <PAMRasterBand band="1">
    <Histograms>
      <HistItem>
        <HistMin>-0.5</HistMin>
        <HistMax>173.5</HistMax>
        <BucketCount>174</BucketCount>
        <IncludeOutOfRange>1</IncludeOutOfRange>
        <Approximate>0</Approximate>
        <HistCounts>0|205|157|158|137|63|88|76|51|34|324|106|17|57|44|43|30|20|16|32|27|13|54|19|19|1|13|19|6|39|23|40|52|27|50|14|42|31|19|17|29|12|10|33|15|37|45|15|20|81|66|11|69|69|56|35|18|40|41|45|36|67|50|21|7|64|5|15|91|51|71|30|9|22|13|51|14|12|13|29|8|4|20|15|8|32|18|49|18|4|7|9|8|13|6|2|1|10|2|6|4|2|2|9|3|2|3|5|2|1|5|3|0|1|5|16|8|3|6|3|7|4|3|15|9|16|2|4|6|11|6|3|49|16|14|16|10|2|1|5|6|2|0|3|0|0|5|1|3|1|2|1|3|2|9|44|31|59|27|22|19|21|16|25|46|63|72|85|54|53|16|3|6|2</HistCounts>
      </HistItem>
    </Histograms>
    <Metadata>
      <MDI key="RepresentationType">THEMATIC</MDI>
      <MDI key="STATISTICS_COVARIANCES">2916.886930030332</MDI>
      <MDI key="STATISTICS_MAXIMUM">173</MDI>
      <MDI key="STATISTICS_MEAN">58.35481865285</MDI>
      <MDI key="STATISTICS_MINIMUM">1</MDI>
      <MDI key="STATISTICS_SKIPFACTORX">1</MDI>
      <MDI key="STATISTICS_SKIPFACTORY">1</MDI>
      <MDI key="STATISTICS_STDDEV">54.008211690727</MDI>
    </Metadata>
  </PAMRasterBand>
</PAMDataset>
