<PAMDataset>
  <Metadata />
  <Metadata domain="Esri">
    <MDI key="PyramidResamplingType">NEAREST</MDI>
  </Metadata>
  <PAMRasterBand band="1">
    <Histograms>
      <HistItem>
        <HistMin>0</HistMin>
        <HistMax>0.8499023914337158</HistMax>
        <BucketCount>256</BucketCount>
        <IncludeOutOfRange>1</IncludeOutOfRange>
        <Approximate>0</Approximate>
        <HistCounts>88072|1122|680|597|394|234|156|137|187|234|189|277|354|465|208|119|88|99|53|67|70|63|84|88|85|117|117|158|139|150|110|111|104|104|131|155|129|151|157|156|145|142|157|174|211|216|254|214|241|186|223|202|189|190|164|151|157|153|142|137|117|95|101|102|79|103|78|73|72|77|85|81|90|114|96|89|91|89|87|96|101|86|78|77|81|97|83|84|78|61|81|82|75|72|74|60|67|81|67|60|64|48|52|52|62|40|49|51|52|34|37|41|37|40|31|34|41|22|28|20|21|11|22|17|16|23|14|16|19|11|13|12|10|11|13|12|8|13|8|2|8|8|9|5|8|8|9|5|3|6|6|6|4|4|3|4|4|4|4|0|6|1|1|3|4|4|6|2|0|0|1|3|1|3|1|0|2|1|3|0|0|1|1|0|0|2|0|0|1|1|0|1|1|0|1|1|2|0|0|0|0|1|2|0|0|0|0|2|0|1|0|0|0|0|0|0|1|0|0|0|0|0|0|0|0|0|0|0|0|1|0|0|1|1|0|0|0|0|0|0|0|0|0|0|0|0|0|1|0|0|0|0|0|0|0|1</HistCounts>
      </HistItem>
    </Histograms>
    <Metadata>
      <MDI key="RepresentationType">ATHEMATIC</MDI>
      <MDI key="STATISTICS_COVARIANCES">0.005033750343263662</MDI>
      <MDI key="STATISTICS_MAXIMUM">0.84990239143372</MDI>
      <MDI key="STATISTICS_MEAN">0.022845155775292</MDI>
      <MDI key="STATISTICS_MINIMUM">0</MDI>
      <MDI key="STATISTICS_SKIPFACTORX">1</MDI>
      <MDI key="STATISTICS_SKIPFACTORY">1</MDI>
      <MDI key="STATISTICS_STDDEV">0.070948927710457</MDI>
    </Metadata>
  </PAMRasterBand>
</PAMDataset>
